expected_index,actual_index,side,expected_timestamp_utc,actual_timestamp_utc,expected_exit_timestamp_utc,actual_exit_timestamp_utc,expected_entry_price,actual_entry_price,expected_exit_price,actual_exit_price,expected_pnl_pips,actual_pnl_pips,expected_exit_reason,actual_exit_reason,exit_reason_match,expected_stop_loss_price,actual_stop_loss_price,expected_take_profit_price,actual_take_profit_price,expected_same_bar_collision,actual_same_bar_collision,same_bar_collision_match,expected_collision_resolution,entry_price_delta_pips,exit_price_delta_pips,fill_delta_pips,close_timing_delta_seconds,breach_entry_price,breach_exit_price,breach_fill_delta,breach_close_timing,breach_exit_reason,breach_same_bar_collision,breach_any,likely_cause
0,0,short,2025-10-01T16:16:00Z,2025-10-01T16:16:00Z,2025-10-01T17:00:00Z,2025-10-01T17:00:40Z,1.17365,1.17365,1.17205,1.17205,16.0,16.0,take_profit,take_profit,True,1.17445,1.17445,1.17205,1.17205,False,False,True,,0.0,0.0,0.0,40.0,False,False,False,False,False,False,False,within_tolerance
2,1,short,2025-10-03T15:22:00Z,2025-10-03T15:22:00Z,2025-10-03T17:04:00Z,2025-10-03T17:04:00Z,1.17473,1.17473,1.17476,1.17477,-0.3,-0.4,timeout,timeout,True,1.17553,1.17553,1.17313,1.17313,False,False,True,,0.0,0.1,0.1,0.0,False,False,False,False,False,False,False,within_tolerance
3,2,long,2025-10-06T14:12:00Z,2025-10-06T14:12:00Z,2025-10-06T14:32:00Z,2025-10-06T14:32:40Z,1.16931,1.16932,1.16851,1.16852,-8.0,-8.0,stop_loss,stop_loss,True,1.16851,1.16852,1.17091,1.17092,False,False,True,,0.1,0.1,0.0,40.0,False,False,False,False,False,False,False,within_tolerance
5,4,short,2025-10-07T17:36:00Z,2025-10-07T17:36:00Z,2025-10-07T19:18:00Z,2025-10-07T19:18:00Z,1.16749,1.16749,1.1666,1.16661,8.9,8.8,timeout,timeout,True,1.16829,1.16829,1.16589,1.16589,False,False,True,,0.0,0.1,0.1,0.0,False,False,False,False,False,False,False,within_tolerance
6,5,short,2025-10-08T14:03:00Z,2025-10-08T14:03:00Z,2025-10-08T14:15:00Z,2025-10-08T14:15:40Z,1.16329,1.16329,1.16409,1.16409,-8.0,-8.0,stop_loss,stop_loss,True,1.16409,1.16409,1.16169,1.16169,False,False,True,,0.0,0.0,0.0,40.0,False,False,False,False,False,False,False,within_tolerance
7,6,short,2025-10-08T17:03:00Z,2025-10-08T17:03:00Z,2025-10-08T18:45:00Z,2025-10-08T18:45:00Z,1.16053,1.16053,1.16084,1.16085,-3.1,-3.2,timeout,timeout,True,1.16133,1.16133,1.15893,1.15893,False,False,True,,0.0,0.1,0.1,0.0,False,False,False,False,False,False,False,within_tolerance
8,7,long,2025-10-10T14:45:00Z,2025-10-10T14:45:00Z,2025-10-10T16:00:00Z,2025-10-10T16:00:40Z,1.15673,1.15674,1.15833,1.15834,16.0,16.0,take_profit,take_profit,True,1.15593,1.15594,1.15833,1.15834,False,False,True,,0.1,0.1,0.0,40.0,False,False,False,False,False,False,False,within_tolerance
9,8,long,2025-10-13T16:45:00Z,2025-10-13T16:45:00Z,2025-10-13T18:27:00Z,2025-10-13T18:27:00Z,1.1571,1.15711,1.15749,1.15749,3.9,3.8,timeout,timeout,True,1.1563,1.15631,1.1587,1.15871,False,False,True,,0.1,0.0,0.1,0.0,False,False,False,False,False,False,False,within_tolerance
10,9,long,2025-10-14T16:45:00Z,2025-10-14T16:45:00Z,2025-10-14T17:00:00Z,2025-10-14T17:00:40Z,1.15938,1.15939,1.16098,1.16099,16.0,16.0,take_profit,take_profit,True,1.15858,1.15859,1.16098,1.16099,False,False,True,,0.1,0.1,0.0,40.0,False,False,False,False,False,False,False,within_tolerance
11,10,long,2025-10-14T17:39:00Z,2025-10-14T17:39:00Z,2025-10-14T19:21:00Z,2025-10-14T19:21:00Z,1.1607,1.16071,1.16055,1.16055,-1.5,-1.6,timeout,timeout,True,1.1599,1.15991,1.1623,1.16231,False,False,True,,0.1,0.0,0.1,0.0,False,False,False,False,False,False,False,within_tolerance
13,11,long,2025-10-15T15:56:00Z,2025-10-15T15:56:00Z,2025-10-15T16:41:00Z,2025-10-15T16:41:40Z,1.16239,1.1624,1.16399,1.164,16.0,16.0,take_profit,take_profit,True,1.16159,1.1616,1.16399,1.164,False,False,True,,0.1,0.1,0.0,40.0,False,False,False,False,False,False,False,within_tolerance
14,12,long,2025-10-16T15:50:00Z,2025-10-16T15:50:00Z,2025-10-16T16:50:00Z,2025-10-16T16:50:40Z,1.1672,1.16721,1.1664,1.16641,-8.0,-8.0,stop_loss,stop_loss,True,1.1664,1.16641,1.1688,1.16881,False,False,True,,0.1,0.1,0.0,40.0,False,False,False,False,False,False,False,within_tolerance
15,13,short,2025-10-16T17:40:00Z,2025-10-16T17:40:00Z,2025-10-16T18:06:00Z,2025-10-16T18:06:40Z,1.16731,1.16731,1.16811,1.16811,-8.0,-8.0,stop_loss,stop_loss,True,1.16811,1.16811,1.16571,1.16571,False,False,True,,0.0,0.0,0.0,40.0,False,False,False,False,False,False,False,within_tolerance
16,14,long,2025-10-17T15:56:00Z,2025-10-17T15:56:00Z,2025-10-17T17:38:00Z,2025-10-17T17:38:00Z,1.16679,1.1668,1.16777,1.16777,9.8,9.7,timeout,timeout,True,1.16599,1.166,1.16839,1.1684,False,False,True,,0.1,0.0,0.1,0.0,False,False,False,False,False,False,False,within_tolerance
17,15,long,2025-10-21T15:57:00Z,2025-10-21T15:57:00Z,2025-10-21T17:00:00Z,2025-10-21T17:00:40Z,1.16029,1.1603,1.16189,1.1619,16.0,16.0,take_profit,take_profit,True,1.15949,1.1595,1.16189,1.1619,False,False,True,,0.1,0.1,0.0,40.0,False,False,False,False,False,False,False,within_tolerance
18,16,short,2025-10-21T17:49:00Z,2025-10-21T17:49:00Z,2025-10-21T19:31:00Z,2025-10-21T19:31:00Z,1.16116,1.16116,1.16055,1.16056,6.1,6.0,timeout,timeout,True,1.16196,1.16196,1.15956,1.15956,False,False,True,,0.0,0.1,0.1,0.0,False,False,False,False,False,False,False,within_tolerance
19,17,long,2025-10-22T14:12:00Z,2025-10-22T14:12:00Z,2025-10-22T15:29:00Z,2025-10-22T15:29:40Z,1.1586,1.15861,1.1602,1.16021,16.0,16.0,take_profit,take_profit,True,1.1578,1.15781,1.1602,1.16021,False,False,True,,0.1,0.1,0.0,40.0,False,False,False,False,False,False,False,within_tolerance
20,18,long,2025-10-22T15:33:00Z,2025-10-22T15:33:00Z,2025-10-22T16:41:00Z,2025-10-22T16:41:40Z,1.16006,1.16007,1.16166,1.16167,16.0,16.0,take_profit,take_profit,True,1.15926,1.15927,1.16166,1.16167,False,False,True,,0.1,0.1,0.0,40.0,False,False,False,False,False,False,False,within_tolerance
21,19,short,2025-10-23T14:51:00Z,2025-10-23T14:51:00Z,2025-10-23T15:06:00Z,2025-10-23T15:06:40Z,1.16057,1.16057,1.16137,1.16137,-8.0,-8.0,stop_loss,stop_loss,True,1.16137,1.16137,1.15897,1.15897,False,False,True,,0.0,0.0,0.0,40.0,False,False,False,False,False,False,False,within_tolerance
22,20,long,2025-10-24T17:22:00Z,2025-10-24T17:22:00Z,2025-10-24T19:04:00Z,2025-10-24T19:04:00Z,1.16266,1.16267,1.1626,1.1626,-0.6,-0.7,timeout,timeout,True,1.16186,1.16187,1.16426,1.16427,False,False,True,,0.1,0.0,0.1,0.0,False,False,False,False,False,False,False,within_tolerance
23,21,long,2025-10-28T15:55:00Z,2025-10-28T15:55:00Z,2025-10-28T16:20:00Z,2025-10-28T16:20:40Z,1.16368,1.16369,1.16528,1.16529,16.0,16.0,take_profit,take_profit,True,1.16288,1.16289,1.16528,1.16529,False,False,True,,0.1,0.1,0.0,40.0,False,False,False,False,False,False,False,within_tolerance
24,22,short,2025-10-29T14:36:00Z,2025-10-29T14:36:00Z,2025-10-29T15:18:00Z,2025-10-29T15:18:40Z,1.16356,1.16356,1.16436,1.16436,-8.0,-8.0,stop_loss,stop_loss,True,1.16436,1.16436,1.16196,1.16196,False,False,True,,0.0,0.0,0.0,40.0,False,False,False,False,False,False,False,within_tolerance
25,23,long,2025-10-29T15:30:00Z,2025-10-29T15:30:00Z,2025-10-29T15:48:00Z,2025-10-29T15:48:40Z,1.1643,1.16431,1.1635,1.16351,-8.0,-8.0,stop_loss,stop_loss,True,1.1635,1.16351,1.1659,1.16591,False,False,True,,0.1,0.1,0.0,40.0,False,False,False,False,False,False,False,within_tolerance
26,24,short,2025-10-29T15:56:00Z,2025-10-29T15:56:00Z,2025-10-29T16:43:00Z,2025-10-29T16:26:40Z,1.16371,1.16371,1.16451,1.16451,-8.0,-8.0,stop_loss,stop_loss,True,1.16451,1.16451,1.16211,1.16211,False,False,True,,0.0,0.0,0.0,980.0,False,False,False,True,False,False,True,timeout_or_bar_close_drift
27,25,long,2025-10-30T16:03:00Z,2025-10-30T16:03:00Z,2025-10-30T16:47:00Z,2025-10-30T16:47:20Z,1.15765,1.15765,1.15685,1.15685,-8.0,-8.0,stop_loss,stop_loss,True,1.15685,1.15685,1.15925,1.15925,False,False,True,,0.0,0.0,0.0,20.0,False,False,False,False,False,False,False,within_tolerance
28,26,long,2025-10-30T17:08:00Z,2025-10-30T17:08:00Z,2025-10-30T17:38:00Z,2025-10-30T17:38:40Z,1.15716,1.15717,1.15636,1.15637,-8.0,-8.0,stop_loss,stop_loss,True,1.15636,1.15637,1.15876,1.15877,False,False,True,,0.1,0.1,0.0,40.0,False,False,False,False,False,False,False,within_tolerance
30,27,short,2025-11-03T15:52:00Z,2025-11-03T15:52:00Z,2025-11-03T16:00:00Z,2025-11-03T16:00:40Z,1.15071,1.15071,1.15151,1.15151,-8.0,-8.0,stop_loss,stop_loss,True,1.15151,1.15151,1.14911,1.14911,False,False,True,,0.0,0.0,0.0,40.0,False,False,False,False,False,False,False,within_tolerance
31,28,short,2025-11-03T16:39:00Z,2025-11-03T16:39:00Z,2025-11-03T16:49:00Z,2025-11-03T16:49:40Z,1.15094,1.15094,1.15174,1.15174,-8.0,-8.0,stop_loss,stop_loss,True,1.15174,1.15174,1.14934,1.14934,False,False,True,,0.0,0.0,0.0,40.0,False,False,False,False,False,False,False,within_tolerance
34,29,long,2025-11-05T16:56:00Z,2025-11-05T16:56:00Z,2025-11-05T17:06:00Z,2025-11-05T17:06:20Z,1.14787,1.14788,1.14707,1.14708,-8.0,-8.0,stop_loss,stop_loss,True,1.14707,1.14708,1.14947,1.14948,False,False,True,,0.1,0.1,0.0,20.0,False,False,False,False,False,False,False,within_tolerance
38,30,short,2025-11-10T17:06:00Z,2025-11-10T17:06:00Z,2025-11-10T17:35:00Z,2025-11-10T17:20:20Z,1.15469,1.15469,1.15549,1.15549,-8.0,-8.0,stop_loss,stop_loss,True,1.15549,1.15549,1.15309,1.15309,False,False,True,,0.0,0.0,0.0,880.0,False,False,False,True,False,False,True,timeout_or_bar_close_drift
40,31,short,2025-11-13T14:05:00Z,2025-11-13T14:05:00Z,2025-11-13T15:36:00Z,2025-11-13T15:36:40Z,1.16208,1.16208,1.16288,1.16288,-8.0,-8.0,stop_loss,stop_loss,True,1.16288,1.16288,1.16048,1.16048,False,False,True,,0.0,0.0,0.0,40.0,False,False,False,False,False,False,False,within_tolerance
41,32,long,2025-11-14T17:57:00Z,2025-11-14T17:57:00Z,2025-11-14T18:15:00Z,2025-11-14T18:15:40Z,1.16186,1.16187,1.16106,1.16107,-8.0,-8.0,stop_loss,stop_loss,True,1.16106,1.16107,1.16346,1.16347,False,False,True,,0.1,0.1,0.0,40.0,False,False,False,False,False,False,False,within_tolerance
42,33,short,2025-11-17T14:13:00Z,2025-11-17T14:13:00Z,2025-11-17T15:55:00Z,2025-11-17T15:55:00Z,1.15954,1.15954,1.15874,1.15875,8.0,7.9,timeout,timeout,True,1.16034,1.16034,1.15794,1.15794,False,False,True,,0.0,0.1,0.1,0.0,False,False,False,False,False,False,False,within_tolerance
43,34,long,2025-11-18T14:36:00Z,2025-11-18T14:36:00Z,2025-11-18T16:18:00Z,2025-11-18T16:18:00Z,1.15982,1.15983,1.16031,1.16031,4.9,4.8,timeout,timeout,True,1.15902,1.15903,1.16142,1.16143,False,False,True,,0.1,0.0,0.1,0.0,False,False,False,False,False,False,False,within_tolerance
44,35,short,2025-11-20T15:55:00Z,2025-11-20T15:55:00Z,2025-11-20T16:32:00Z,2025-11-20T16:32:40Z,1.15395,1.15395,1.15235,1.15235,16.0,16.0,take_profit,take_profit,True,1.15475,1.15475,1.15235,1.15235,False,False,True,,0.0,0.0,0.0,40.0,False,False,False,False,False,False,False,within_tolerance
45,36,short,2025-11-21T14:45:00Z,2025-11-21T14:45:00Z,2025-11-21T16:27:00Z,2025-11-21T14:53:20Z,1.15191,1.15191,1.15098,1.15271,9.3,-8.0,timeout,stop_loss,False,1.15271,1.15271,1.15031,1.15031,False,False,True,,0.0,17.3,17.3,5620.0,False,True,True,True,True,False,True,timeout_rule_mismatch
47,39,long,2025-11-24T17:44:00Z,2025-11-24T17:44:00Z,2025-11-24T18:02:00Z,2025-11-24T18:02:40Z,1.15244,1.15245,1.15164,1.15165,-8.0,-8.0,stop_loss,stop_loss,True,1.15164,1.15165,1.15404,1.15405,False,False,True,,0.1,0.1,0.0,40.0,False,False,False,False,False,False,False,within_tolerance
49,41,short,2025-11-28T17:34:00Z,2025-11-28T17:34:00Z,2025-11-28T18:58:00Z,2025-11-28T18:58:40Z,1.15961,1.15961,1.16041,1.16041,-8.0,-8.0,stop_loss,stop_loss,True,1.16041,1.16041,1.15801,1.15801,False,False,True,,0.0,0.0,0.0,40.0,False,False,False,False,False,False,False,within_tolerance
50,42,long,2025-12-01T17:07:00Z,2025-12-01T17:07:00Z,2025-12-01T17:25:00Z,2025-12-01T17:25:20Z,1.16318,1.16319,1.16238,1.16239,-8.0,-8.0,stop_loss,stop_loss,True,1.16238,1.16239,1.16478,1.16479,False,False,True,,0.1,0.1,0.0,20.0,False,False,False,False,False,False,False,within_tolerance
51,43,short,2025-12-01T17:31:00Z,2025-12-01T17:31:00Z,2025-12-01T19:13:00Z,2025-12-01T19:13:00Z,1.16239,1.16239,1.16215,1.16215,2.4,2.4,timeout,timeout,True,1.16319,1.16319,1.16079,1.16079,False,False,True,,0.0,0.0,0.0,0.0,False,False,False,False,False,False,False,within_tolerance
53,45,short,2025-12-03T16:03:00Z,2025-12-03T16:03:00Z,2025-12-03T16:10:00Z,2025-12-03T16:10:40Z,1.1658,1.1658,1.1666,1.1666,-8.0,-8.0,stop_loss,stop_loss,True,1.1666,1.1666,1.1642,1.1642,False,False,True,,0.0,0.0,0.0,40.0,False,False,False,False,False,False,False,within_tolerance
54,46,short,2025-12-05T16:09:00Z,2025-12-05T16:09:00Z,2025-12-05T16:20:00Z,2025-12-05T16:20:40Z,1.1647,1.1647,1.1655,1.1655,-8.0,-8.0,stop_loss,stop_loss,True,1.1655,1.1655,1.1631,1.1631,False,False,True,,0.0,0.0,0.0,40.0,False,False,False,False,False,False,False,within_tolerance
55,47,long,2025-12-05T17:27:00Z,2025-12-05T17:27:00Z,2025-12-05T19:09:00Z,2025-12-05T19:09:00Z,1.16327,1.16328,1.16485,1.16485,15.8,15.7,timeout,timeout,True,1.16247,1.16248,1.16487,1.16488,False,False,True,,0.1,0.0,0.1,0.0,False,False,False,False,False,False,False,within_tolerance
56,48,long,2025-12-09T15:41:00Z,2025-12-09T15:41:00Z,2025-12-09T16:00:00Z,2025-12-09T16:00:40Z,1.16338,1.16339,1.16258,1.16259,-8.0,-8.0,stop_loss,stop_loss,True,1.16258,1.16259,1.16498,1.16499,False,False,True,,0.1,0.1,0.0,40.0,False,False,False,False,False,False,False,within_tolerance
57,49,long,2025-12-10T17:09:00Z,2025-12-10T17:09:00Z,2025-12-10T18:51:00Z,2025-12-10T18:51:00Z,1.1642,1.1642,1.1657,1.1657,15.0,15.0,timeout,timeout,True,1.1634,1.1634,1.1658,1.1658,False,False,True,,0.0,0.0,0.0,0.0,False,False,False,False,False,False,False,within_tolerance
58,50,short,2025-12-15T16:38:00Z,2025-12-15T16:38:00Z,2025-12-15T18:20:00Z,2025-12-15T18:20:00Z,1.17596,1.17596,1.17506,1.17507,9.0,8.9,timeout,timeout,True,1.17676,1.17676,1.17436,1.17436,False,False,True,,0.0,0.1,0.1,0.0,False,False,False,False,False,False,False,within_tolerance
59,51,long,2025-12-16T15:10:00Z,2025-12-16T15:10:00Z,2025-12-16T15:55:00Z,2025-12-16T15:19:20Z,1.17768,1.1777,1.17928,1.1769,16.0,-8.0,take_profit,stop_loss,False,1.17688,1.1769,1.17928,1.1793,False,False,True,,0.2,23.8,24.0,2140.0,False,True,True,True,True,False,True,exit_reason_mismatch
62,54,short,2025-12-18T17:38:00Z,2025-12-18T17:38:00Z,2025-12-18T18:16:00Z,2025-12-18T18:16:40Z,1.17337,1.17337,1.17177,1.17177,16.0,16.0,take_profit,take_profit,True,1.17417,1.17417,1.17177,1.17177,False,False,True,,0.0,0.0,0.0,40.0,False,False,False,False,False,False,False,within_tolerance
63,55,short,2025-12-19T14:04:00Z,2025-12-19T14:04:00Z,2025-12-19T14:37:00Z,2025-12-19T14:37:40Z,1.17097,1.17097,1.17177,1.17177,-8.0,-8.0,stop_loss,stop_loss,True,1.17177,1.17177,1.16937,1.16937,False,False,True,,0.0,0.0,0.0,40.0,False,False,False,False,False,False,False,within_tolerance
64,56,short,2025-12-19T16:10:00Z,2025-12-19T16:10:00Z,2025-12-19T16:56:00Z,2025-12-19T16:56:20Z,1.17261,1.17261,1.17101,1.17101,16.0,16.0,take_profit,take_profit,True,1.17341,1.17341,1.17101,1.17101,False,False,True,,0.0,0.0,0.0,20.0,False,False,False,False,False,False,False,within_tolerance
65,57,long,2025-12-19T17:10:00Z,2025-12-19T17:10:00Z,2025-12-19T18:52:00Z,2025-12-19T18:52:00Z,1.17121,1.17121,1.17201,1.17201,8.0,8.0,timeout,timeout,True,1.17041,1.17041,1.17281,1.17281,False,False,True,,0.0,0.0,0.0,0.0,False,False,False,False,False,False,False,within_tolerance
67,59,long,2025-12-24T14:02:00Z,2025-12-24T14:02:00Z,2025-12-24T15:44:00Z,2025-12-24T15:44:00Z,1.17876,1.17877,1.17831,1.17831,-4.5,-4.6,timeout,timeout,True,1.17796,1.17797,1.18036,1.18037,False,False,True,,0.1,0.0,0.1,0.0,False,False,False,False,False,False,False,within_tolerance
68,60,short,2025-12-24T16:56:00Z,2025-12-24T16:56:00Z,2025-12-24T18:38:00Z,2025-12-24T18:38:00Z,1.17777,1.17777,1.17822,1.17822,-4.5,-4.5,timeout,timeout,True,1.17857,1.17857,1.17617,1.17617,False,False,True,,0.0,0.0,0.0,0.0,False,False,False,False,False,False,False,within_tolerance
69,61,long,2025-12-26T14:14:00Z,2025-12-26T14:14:00Z,2025-12-26T15:45:00Z,2025-12-26T15:45:40Z,1.17918,1.1792,1.17838,1.1784,-8.0,-8.0,stop_loss,stop_loss,True,1.17838,1.1784,1.18078,1.1808,False,False,True,,0.2,0.2,0.0,40.0,False,False,False,False,False,False,False,within_tolerance
71,62,short,2025-12-30T15:42:00Z,2025-12-30T15:42:00Z,2025-12-30T17:24:00Z,2025-12-30T17:24:00Z,1.17589,1.17589,1.17631,1.17631,-4.2,-4.2,timeout,timeout,True,1.17669,1.17669,1.17429,1.17429,False,False,True,,0.0,0.0,0.0,0.0,False,False,False,False,False,False,False,within_tolerance
72,63,short,2025-12-31T14:58:00Z,2025-12-31T14:58:00Z,2025-12-31T16:00:00Z,2025-12-31T16:00:40Z,1.17428,1.17428,1.17268,1.17268,16.0,16.0,take_profit,take_profit,True,1.17508,1.17508,1.17268,1.17268,False,False,True,,0.0,0.0,0.0,40.0,False,False,False,False,False,False,False,within_tolerance
73,64,long,2025-12-31T17:07:00Z,2025-12-31T17:07:00Z,2025-12-31T17:32:00Z,2025-12-31T17:32:40Z,1.17455,1.17456,1.17375,1.17376,-8.0,-8.0,stop_loss,stop_loss,True,1.17375,1.17376,1.17615,1.17616,False,False,True,,0.1,0.1,0.0,40.0,False,False,False,False,False,False,False,within_tolerance
74,65,long,2026-01-05T17:07:00Z,2026-01-05T17:07:00Z,2026-01-05T18:49:00Z,2026-01-05T18:49:00Z,1.17063,1.17064,1.17138,1.17138,7.5,7.4,timeout,timeout,True,1.16983,1.16984,1.17223,1.17224,False,False,True,,0.1,0.0,0.1,0.0,False,False,False,False,False,False,False,within_tolerance
75,66,short,2026-01-06T14:25:00Z,2026-01-06T14:25:00Z,2026-01-06T15:01:00Z,2026-01-06T15:01:40Z,1.17061,1.17061,1.17141,1.17141,-8.0,-8.0,stop_loss,stop_loss,True,1.17141,1.17141,1.16901,1.16901,False,False,True,,0.0,0.0,0.0,40.0,False,False,False,False,False,False,False,within_tolerance
76,67,short,2026-01-06T17:50:00Z,2026-01-06T17:50:00Z,2026-01-06T18:18:00Z,2026-01-06T18:18:40Z,1.16878,1.16878,1.16958,1.16958,-8.0,-8.0,stop_loss,stop_loss,True,1.16958,1.16958,1.16718,1.16718,False,False,True,,0.0,0.0,0.0,40.0,False,False,False,False,False,False,False,within_tolerance
77,68,long,2026-01-07T15:39:00Z,2026-01-07T15:39:00Z,2026-01-07T16:17:00Z,2026-01-07T16:17:40Z,1.16909,1.1691,1.16829,1.1683,-8.0,-8.0,stop_loss,stop_loss,True,1.16829,1.1683,1.17069,1.1707,False,False,True,,0.1,0.1,0.0,40.0,False,False,False,False,False,False,False,within_tolerance
78,69,long,2026-01-08T16:08:00Z,2026-01-08T16:08:00Z,2026-01-08T17:21:00Z,2026-01-08T17:19:40Z,1.16643,1.16644,1.16563,1.16564,-8.0,-8.0,stop_loss,stop_loss,True,1.16563,1.16564,1.16803,1.16804,False,False,True,,0.1,0.1,0.0,80.0,False,False,False,False,False,False,False,within_tolerance
79,70,short,2026-01-09T15:17:00Z,2026-01-09T15:17:00Z,2026-01-09T16:06:00Z,2026-01-09T16:06:40Z,1.16434,1.16434,1.16274,1.16274,16.0,16.0,take_profit,take_profit,True,1.16514,1.16514,1.16274,1.16274,False,False,True,,0.0,0.0,0.0,40.0,False,False,False,False,False,False,False,within_tolerance
80,71,long,2026-01-09T16:50:00Z,2026-01-09T16:50:00Z,2026-01-09T17:31:00Z,2026-01-09T17:31:40Z,1.16365,1.16366,1.16285,1.16286,-8.0,-8.0,stop_loss,stop_loss,True,1.16285,1.16286,1.16525,1.16526,False,False,True,,0.1,0.1,0.0,40.0,False,False,False,False,False,False,False,within_tolerance
81,72,short,2026-01-12T14:34:00Z,2026-01-12T14:34:00Z,2026-01-12T14:47:00Z,2026-01-12T14:47:40Z,1.16894,1.16894,1.16974,1.16974,-8.0,-8.0,stop_loss,stop_loss,True,1.16974,1.16974,1.16734,1.16734,False,False,True,,0.0,0.0,0.0,40.0,False,False,False,False,False,False,False,within_tolerance
82,73,long,2026-01-12T16:26:00Z,2026-01-12T16:26:00Z,2026-01-12T18:08:00Z,2026-01-12T18:08:00Z,1.16784,1.16785,1.16734,1.16734,-5.0,-5.1,timeout,timeout,True,1.16704,1.16705,1.16944,1.16945,False,False,True,,0.1,0.0,0.1,0.0,False,False,False,False,False,False,False,within_tolerance
83,74,long,2026-01-14T15:16:00Z,2026-01-14T15:16:00Z,2026-01-14T16:58:00Z,2026-01-14T16:58:00Z,1.16552,1.16553,1.16591,1.16591,3.9,3.8,timeout,timeout,True,1.16472,1.16473,1.16712,1.16713,False,False,True,,0.1,0.0,0.1,0.0,False,False,False,False,False,False,False,within_tolerance
84,75,short,2026-01-16T15:01:00Z,2026-01-16T15:01:00Z,2026-01-16T16:15:00Z,2026-01-16T16:15:40Z,1.16176,1.16176,1.16256,1.16256,-8.0,-8.0,stop_loss,stop_loss,True,1.16256,1.16256,1.16016,1.16016,False,False,True,,0.0,0.0,0.0,40.0,False,False,False,False,False,False,False,within_tolerance
85,76,short,2026-01-16T16:34:00Z,2026-01-16T16:34:00Z,2026-01-16T16:42:00Z,2026-01-16T16:42:40Z,1.16026,1.16026,1.15866,1.15866,16.0,16.0,take_profit,take_profit,True,1.16106,1.16106,1.15866,1.15866,False,False,True,,0.0,0.0,0.0,40.0,False,False,False,False,False,False,False,within_tolerance
86,77,short,2026-01-20T14:31:00Z,2026-01-20T14:31:00Z,2026-01-20T14:33:00Z,2026-01-20T14:33:40Z,1.17215,1.17215,1.17295,1.17295,-8.0,-8.0,stop_loss,stop_loss,True,1.17295,1.17295,1.17055,1.17055,False,False,True,,0.0,0.0,0.0,40.0,False,False,False,False,False,False,False,within_tolerance
87,78,long,2026-01-21T15:55:00Z,2026-01-21T15:55:00Z,2026-01-21T15:57:00Z,2026-01-21T15:57:40Z,1.17286,1.17287,1.17206,1.17207,-8.0,-8.0,stop_loss,stop_loss,True,1.17206,1.17207,1.17446,1.17447,False,False,True,,0.1,0.1,0.0,40.0,False,False,False,False,False,False,False,within_tolerance
89,79,short,2026-01-23T15:42:00Z,2026-01-23T15:42:00Z,2026-01-23T16:07:00Z,2026-01-23T16:07:40Z,1.17435,1.17435,1.17515,1.17515,-8.0,-8.0,stop_loss,stop_loss,True,1.17515,1.17515,1.17275,1.17275,False,False,True,,0.0,0.0,0.0,40.0,False,False,False,False,False,False,False,within_tolerance
90,80,short,2026-01-23T16:34:00Z,2026-01-23T16:34:00Z,2026-01-23T16:52:00Z,2026-01-23T16:52:40Z,1.17505,1.17505,1.17585,1.17585,-8.0,-8.0,stop_loss,stop_loss,True,1.17585,1.17585,1.17345,1.17345,False,False,True,,0.0,0.0,0.0,40.0,False,False,False,False,False,False,False,within_tolerance
91,81,long,2026-01-28T15:08:00Z,2026-01-28T15:08:00Z,2026-01-28T15:39:00Z,2026-01-28T15:39:40Z,1.19568,1.19569,1.19728,1.19729,16.0,16.0,take_profit,take_profit,True,1.19488,1.19489,1.19728,1.19729,False,False,True,,0.1,0.1,0.0,40.0,False,False,False,False,False,False,False,within_tolerance
93,82,long,2026-02-03T17:28:00Z,2026-02-03T17:28:00Z,2026-02-03T19:10:00Z,2026-02-03T19:10:00Z,1.18148,1.18149,1.18181,1.18181,3.3,3.2,timeout,timeout,True,1.18068,1.18069,1.18308,1.18309,False,False,True,,0.1,0.0,0.1,0.0,False,False,False,False,False,False,False,within_tolerance
94,83,short,2026-02-04T14:22:00Z,2026-02-04T14:22:00Z,2026-02-04T15:32:00Z,2026-02-04T15:32:40Z,1.18188,1.18188,1.18028,1.18028,16.0,16.0,take_profit,take_profit,True,1.18268,1.18268,1.18028,1.18028,False,False,True,,0.0,0.0,0.0,40.0,False,False,False,False,False,False,False,within_tolerance
95,84,long,2026-02-04T17:09:00Z,2026-02-04T17:09:00Z,2026-02-04T18:20:00Z,2026-02-04T18:20:40Z,1.17972,1.17973,1.18132,1.18133,16.0,16.0,take_profit,take_profit,True,1.17892,1.17893,1.18132,1.18133,False,False,True,,0.1,0.1,0.0,40.0,False,False,False,False,False,False,False,within_tolerance
96,85,long,2026-02-05T14:02:00Z,2026-02-05T14:02:00Z,2026-02-05T14:15:00Z,2026-02-05T14:15:20Z,1.17994,1.17995,1.17914,1.17915,-8.0,-8.0,stop_loss,stop_loss,True,1.17914,1.17915,1.18154,1.18155,False,False,True,,0.1,0.1,0.0,20.0,False,False,False,False,False,False,False,within_tolerance
97,86,short,2026-02-05T16:06:00Z,2026-02-05T16:06:00Z,2026-02-05T16:36:00Z,2026-02-05T16:36:40Z,1.18018,1.18018,1.17858,1.17858,16.0,16.0,take_profit,take_profit,True,1.18098,1.18098,1.17858,1.17858,False,False,True,,0.0,0.0,0.0,40.0,False,False,False,False,False,False,False,within_tolerance
98,87,short,2026-02-05T16:41:00Z,2026-02-05T16:41:00Z,2026-02-05T17:45:00Z,2026-02-05T17:45:20Z,1.17884,1.17884,1.17964,1.17964,-8.0,-8.0,stop_loss,stop_loss,True,1.17964,1.17964,1.17724,1.17724,False,False,True,,0.0,0.0,0.0,20.0,False,False,False,False,False,False,False,within_tolerance
99,88,long,2026-02-06T15:47:00Z,2026-02-06T15:47:00Z,2026-02-06T16:11:00Z,2026-02-06T16:11:40Z,1.18231,1.18231,1.18151,1.18151,-8.0,-8.0,stop_loss,stop_loss,True,1.18151,1.18151,1.18391,1.18391,False,False,True,,0.0,0.0,0.0,40.0,False,False,False,False,False,False,False,within_tolerance
100,89,short,2026-02-06T17:18:00Z,2026-02-06T17:18:00Z,2026-02-06T19:00:00Z,2026-02-06T19:00:00Z,1.18147,1.18147,1.18181,1.18182,-3.4,-3.5,timeout,timeout,True,1.18227,1.18227,1.17987,1.17987,False,False,True,,0.0,0.1,0.1,0.0,False,False,False,False,False,False,False,within_tolerance
101,90,long,2026-02-09T14:24:00Z,2026-02-09T14:24:00Z,2026-02-09T15:02:00Z,2026-02-09T15:02:20Z,1.18927,1.18928,1.19087,1.19088,16.0,16.0,take_profit,take_profit,True,1.18847,1.18848,1.19087,1.19088,False,False,True,,0.1,0.1,0.0,20.0,False,False,False,False,False,False,False,within_tolerance
103,91,short,2026-02-09T17:06:00Z,2026-02-09T17:06:00Z,2026-02-09T17:30:00Z,2026-02-09T17:30:40Z,1.19117,1.19117,1.18957,1.18957,16.0,16.0,take_profit,take_profit,True,1.19197,1.19197,1.18957,1.18957,False,False,True,,0.0,0.0,0.0,40.0,False,False,False,False,False,False,False,within_tolerance
104,92,short,2026-02-10T15:52:00Z,2026-02-10T15:52:00Z,2026-02-10T16:34:00Z,2026-02-10T16:34:20Z,1.19128,1.19128,1.18968,1.18968,16.0,16.0,take_profit,take_profit,True,1.19208,1.19208,1.18968,1.18968,False,False,True,,0.0,0.0,0.0,20.0,False,False,False,False,False,False,False,within_tolerance
106,93,short,2026-02-11T16:27:00Z,2026-02-11T16:27:00Z,2026-02-11T17:25:00Z,2026-02-11T16:55:20Z,1.18592,1.18592,1.18672,1.18672,-8.0,-8.0,stop_loss,stop_loss,True,1.18672,1.18672,1.18432,1.18432,False,False,True,,0.0,0.0,0.0,1780.0,False,False,False,True,False,False,True,timeout_or_bar_close_drift
107,94,short,2026-02-12T16:30:00Z,2026-02-12T16:30:00Z,2026-02-12T17:14:00Z,2026-02-12T17:14:40Z,1.18849,1.18849,1.18689,1.18689,16.0,16.0,take_profit,take_profit,True,1.18929,1.18929,1.18689,1.18689,False,False,True,,0.0,0.0,0.0,40.0,False,False,False,False,False,False,False,within_tolerance
108,95,short,2026-02-13T15:50:00Z,2026-02-13T15:50:00Z,2026-02-13T16:59:00Z,2026-02-13T16:59:40Z,1.18652,1.18652,1.18492,1.18492,16.0,16.0,take_profit,take_profit,True,1.18732,1.18732,1.18492,1.18492,False,False,True,,0.0,0.0,0.0,40.0,False,False,False,False,False,False,False,within_tolerance
109,96,long,2026-02-16T14:35:00Z,2026-02-16T14:35:00Z,2026-02-16T16:17:00Z,2026-02-16T16:17:00Z,1.18513,1.18513,1.18545,1.18545,3.2,3.2,timeout,timeout,True,1.18433,1.18433,1.18673,1.18673,False,False,True,,0.0,0.0,0.0,0.0,False,False,False,False,False,False,False,within_tolerance
110,97,long,2026-02-16T16:47:00Z,2026-02-16T16:47:00Z,2026-02-16T17:53:00Z,2026-02-16T17:53:40Z,1.18552,1.18552,1.18472,1.18472,-8.0,-8.0,stop_loss,stop_loss,True,1.18472,1.18472,1.18712,1.18712,False,False,True,,0.0,0.0,0.0,40.0,False,False,False,False,False,False,False,within_tolerance
112,98,short,2026-02-17T16:12:00Z,2026-02-17T16:12:00Z,2026-02-17T17:19:00Z,2026-02-17T17:19:40Z,1.18178,1.18178,1.18258,1.18258,-8.0,-8.0,stop_loss,stop_loss,True,1.18258,1.18258,1.18018,1.18018,False,False,True,,0.0,0.0,0.0,40.0,False,False,False,False,False,False,False,within_tolerance
113,99,long,2026-02-17T17:30:00Z,2026-02-17T17:30:00Z,2026-02-17T19:12:00Z,2026-02-17T19:12:00Z,1.18283,1.18284,1.18417,1.18417,13.4,13.3,timeout,timeout,True,1.18203,1.18204,1.18443,1.18444,False,False,True,,0.1,0.0,0.1,0.0,False,False,False,False,False,False,False,within_tolerance
114,100,short,2026-02-18T17:26:00Z,2026-02-18T17:26:00Z,2026-02-18T19:08:00Z,2026-02-18T19:08:00Z,1.18152,1.18152,1.18025,1.18025,12.7,12.7,timeout,timeout,True,1.18232,1.18232,1.17992,1.17992,False,False,True,,0.0,0.0,0.0,0.0,False,False,False,False,False,False,False,within_tolerance
115,101,long,2026-02-19T15:41:00Z,2026-02-19T15:41:00Z,2026-02-19T16:03:00Z,2026-02-19T16:03:40Z,1.17489,1.1749,1.17649,1.1765,16.0,16.0,take_profit,take_profit,True,1.17409,1.1741,1.17649,1.1765,False,False,True,,0.1,0.1,0.0,40.0,False,False,False,False,False,False,False,within_tolerance
116,102,short,2026-02-19T16:22:00Z,2026-02-19T16:22:00Z,2026-02-19T16:47:00Z,2026-02-19T16:47:40Z,1.17653,1.17653,1.17733,1.17733,-8.0,-8.0,stop_loss,stop_loss,True,1.17733,1.17733,1.17493,1.17493,False,False,True,,0.0,0.0,0.0,40.0,False,False,False,False,False,False,False,within_tolerance
118,103,long,2026-02-20T16:22:00Z,2026-02-20T16:22:00Z,2026-02-20T16:33:00Z,2026-02-20T16:33:40Z,1.17983,1.17983,1.17903,1.17903,-8.0,-8.0,stop_loss,stop_loss,True,1.17903,1.17903,1.18143,1.18143,False,False,True,,0.0,0.0,0.0,40.0,False,False,False,False,False,False,False,within_tolerance
119,104,short,2026-02-23T14:05:00Z,2026-02-23T14:05:00Z,2026-02-23T14:17:00Z,2026-02-23T14:17:40Z,1.17799,1.17799,1.17879,1.17879,-8.0,-8.0,stop_loss,stop_loss,True,1.17879,1.17879,1.17639,1.17639,False,False,True,,0.0,0.0,0.0,40.0,False,False,False,False,False,False,False,within_tolerance
120,105,short,2026-02-23T14:49:00Z,2026-02-23T14:49:00Z,2026-02-23T15:50:00Z,2026-02-23T15:50:40Z,1.17954,1.17954,1.18034,1.18034,-8.0,-8.0,stop_loss,stop_loss,True,1.18034,1.18034,1.17794,1.17794,False,False,True,,0.0,0.0,0.0,40.0,False,False,False,False,False,False,False,within_tolerance
121,106,long,2026-02-23T15:54:00Z,2026-02-23T15:54:00Z,2026-02-23T16:52:00Z,2026-02-23T16:52:40Z,1.18006,1.18007,1.17926,1.17927,-8.0,-8.0,stop_loss,stop_loss,True,1.17926,1.17927,1.18166,1.18167,False,False,True,,0.1,0.1,0.0,40.0,False,False,False,False,False,False,False,within_tolerance
122,107,long,2026-02-23T17:37:00Z,2026-02-23T17:37:00Z,2026-02-23T18:31:00Z,2026-02-23T18:31:20Z,1.18009,1.1801,1.17929,1.1793,-8.0,-8.0,stop_loss,stop_loss,True,1.17929,1.1793,1.18169,1.1817,False,False,True,,0.1,0.1,0.0,20.0,False,False,False,False,False,False,False,within_tolerance
123,108,short,2026-02-24T16:11:00Z,2026-02-24T16:11:00Z,2026-02-24T16:32:00Z,2026-02-24T16:32:40Z,1.17699,1.17699,1.17779,1.17779,-8.0,-8.0,stop_loss,stop_loss,True,1.17779,1.17779,1.17539,1.17539,False,False,True,,0.0,0.0,0.0,40.0,False,False,False,False,False,False,False,within_tolerance
124,109,long,2026-02-24T16:57:00Z,2026-02-24T16:57:00Z,2026-02-24T18:39:00Z,2026-02-24T18:39:00Z,1.17755,1.17756,1.1785,1.1785,9.5,9.4,timeout,timeout,True,1.17675,1.17676,1.17915,1.17916,False,False,True,,0.1,0.0,0.1,0.0,False,False,False,False,False,False,False,within_tolerance
125,111,long,2026-02-26T16:04:00Z,2026-02-26T16:04:00Z,2026-02-26T16:15:00Z,2026-02-26T16:15:40Z,1.18131,1.18131,1.18051,1.18051,-8.0,-8.0,stop_loss,stop_loss,True,1.18051,1.18051,1.18291,1.18291,False,False,True,,0.0,0.0,0.0,40.0,False,False,False,False,False,False,False,within_tolerance
126,112,short,2026-03-04T14:49:00Z,2026-03-04T14:49:00Z,2026-03-04T15:35:00Z,2026-03-04T15:35:40Z,1.16384,1.16384,1.16224,1.16224,16.0,16.0,take_profit,take_profit,True,1.16464,1.16464,1.16224,1.16224,False,False,True,,0.0,0.0,0.0,40.0,False,False,False,False,False,False,False,within_tolerance
127,113,short,2026-03-04T15:59:00Z,2026-03-04T15:59:00Z,2026-03-04T16:20:00Z,2026-03-04T16:20:40Z,1.16248,1.16248,1.16328,1.16328,-8.0,-8.0,stop_loss,stop_loss,True,1.16328,1.16328,1.16088,1.16088,False,False,True,,0.0,0.0,0.0,40.0,False,False,False,False,False,False,False,within_tolerance
128,114,long,2026-03-04T17:07:00Z,2026-03-04T17:07:00Z,2026-03-04T17:21:00Z,2026-03-04T17:21:40Z,1.16416,1.16417,1.16336,1.16337,-8.0,-8.0,stop_loss,stop_loss,True,1.16336,1.16337,1.16576,1.16577,False,False,True,,0.1,0.1,0.0,40.0,False,False,False,False,False,False,False,within_tolerance
129,115,long,2026-03-06T14:43:00Z,2026-03-06T14:43:00Z,2026-03-06T14:46:00Z,2026-03-06T14:46:40Z,1.15879,1.1588,1.15799,1.158,-8.0,-8.0,stop_loss,stop_loss,True,1.15799,1.158,1.16039,1.1604,False,False,True,,0.1,0.1,0.0,40.0,False,False,False,False,False,False,False,within_tolerance
130,116,long,2026-03-06T16:00:00Z,2026-03-06T16:00:00Z,2026-03-06T16:01:00Z,2026-03-06T16:01:40Z,1.15721,1.15722,1.15881,1.15882,16.0,16.0,take_profit,take_profit,True,1.15641,1.15642,1.15881,1.15882,False,False,True,,0.1,0.1,0.0,40.0,False,False,False,False,False,False,False,within_tolerance
131,117,long,2026-03-06T17:16:00Z,2026-03-06T17:16:00Z,2026-03-06T17:45:00Z,2026-03-06T17:45:40Z,1.15954,1.15955,1.16114,1.16115,16.0,16.0,take_profit,take_profit,True,1.15874,1.15875,1.16114,1.16115,False,False,True,,0.1,0.1,0.0,40.0,False,False,False,False,False,False,False,within_tolerance
132,118,short,2026-03-09T15:50:00Z,2026-03-09T15:50:00Z,2026-03-09T16:06:00Z,2026-03-09T16:06:40Z,1.15771,1.15771,1.15611,1.15611,16.0,16.0,take_profit,take_profit,True,1.15851,1.15851,1.15611,1.15611,False,False,True,,0.0,0.0,0.0,40.0,False,False,False,False,False,False,False,within_tolerance
133,119,long,2026-03-09T16:27:00Z,2026-03-09T16:27:00Z,2026-03-09T17:01:00Z,2026-03-09T17:01:40Z,1.15646,1.15647,1.15806,1.15807,16.0,16.0,take_profit,take_profit,True,1.15566,1.15567,1.15806,1.15807,False,False,True,,0.1,0.1,0.0,40.0,False,False,False,False,False,False,False,within_tolerance
134,120,long,2026-03-10T14:22:00Z,2026-03-10T14:22:00Z,2026-03-10T15:10:00Z,2026-03-10T15:10:40Z,1.16272,1.16273,1.16432,1.16433,16.0,16.0,take_profit,take_profit,True,1.16192,1.16193,1.16432,1.16433,False,False,True,,0.1,0.1,0.0,40.0,False,False,False,False,False,False,False,within_tolerance
135,121,long,2026-03-10T15:15:00Z,2026-03-10T15:15:00Z,2026-03-10T15:41:00Z,2026-03-10T15:41:40Z,1.16417,1.16418,1.16337,1.16338,-8.0,-8.0,stop_loss,stop_loss,True,1.16337,1.16338,1.16577,1.16578,False,False,True,,0.1,0.1,0.0,40.0,False,False,False,False,False,False,False,within_tolerance
136,122,long,2026-03-10T16:52:00Z,2026-03-10T16:52:00Z,2026-03-10T18:34:00Z,2026-03-10T18:34:00Z,1.16466,1.16468,1.16501,1.16501,3.5,3.3,timeout,timeout,True,1.16386,1.16388,1.16626,1.16628,False,False,True,,0.2,0.0,0.2,0.0,False,False,False,False,False,False,False,within_tolerance
137,123,short,2026-03-11T16:46:00Z,2026-03-11T16:46:00Z,2026-03-11T16:51:00Z,2026-03-11T16:51:40Z,1.15867,1.15867,1.15947,1.15947,-8.0,-8.0,stop_loss,stop_loss,True,1.15947,1.15947,1.15707,1.15707,False,False,True,,0.0,0.0,0.0,40.0,False,False,False,False,False,False,False,within_tolerance
139,124,short,2026-03-12T16:59:00Z,2026-03-12T16:59:00Z,2026-03-12T17:42:00Z,2026-03-12T17:42:20Z,1.15189,1.15189,1.15269,1.15269,-8.0,-8.0,stop_loss,stop_loss,True,1.15269,1.15269,1.15029,1.15029,False,False,True,,0.0,0.0,0.0,20.0,False,False,False,False,False,False,False,within_tolerance
140,125,short,2026-03-13T17:05:00Z,2026-03-13T17:05:00Z,2026-03-13T17:42:00Z,2026-03-13T17:43:40Z,1.14561,1.14561,1.14401,1.14401,16.0,16.0,take_profit,take_profit,True,1.14641,1.14641,1.14401,1.14401,False,False,True,,0.0,0.0,0.0,100.0,False,False,False,False,False,False,False,within_tolerance
141,126,short,2026-03-13T17:53:00Z,2026-03-13T17:53:00Z,2026-03-13T18:03:00Z,2026-03-13T18:03:40Z,1.14396,1.14396,1.14476,1.14476,-8.0,-8.0,stop_loss,stop_loss,True,1.14476,1.14476,1.14236,1.14236,False,False,True,,0.0,0.0,0.0,40.0,False,False,False,False,False,False,False,within_tolerance
142,127,short,2026-03-16T14:01:00Z,2026-03-16T14:01:00Z,2026-03-16T14:31:00Z,2026-03-16T14:31:40Z,1.14792,1.14792,1.14872,1.14872,-8.0,-8.0,stop_loss,stop_loss,True,1.14872,1.14872,1.14632,1.14632,False,False,True,,0.0,0.0,0.0,40.0,False,False,False,False,False,False,False,within_tolerance
143,128,long,2026-03-16T14:35:00Z,2026-03-16T14:35:00Z,2026-03-16T14:48:00Z,2026-03-16T14:48:40Z,1.14846,1.14847,1.14766,1.14767,-8.0,-8.0,stop_loss,stop_loss,True,1.14766,1.14767,1.15006,1.15007,False,False,True,,0.1,0.1,0.0,40.0,False,False,False,False,False,False,False,within_tolerance
144,129,long,2026-03-17T15:11:00Z,2026-03-17T15:11:00Z,2026-03-17T16:19:00Z,2026-03-17T16:19:40Z,1.15335,1.15336,1.15255,1.15256,-8.0,-8.0,stop_loss,stop_loss,True,1.15255,1.15256,1.15495,1.15496,False,False,True,,0.1,0.1,0.0,40.0,False,False,False,False,False,False,False,within_tolerance
145,130,long,2026-03-17T17:24:00Z,2026-03-17T17:24:00Z,2026-03-17T17:36:00Z,2026-03-17T17:36:40Z,1.15305,1.15306,1.15225,1.15226,-8.0,-8.0,stop_loss,stop_loss,True,1.15225,1.15226,1.15465,1.15466,False,False,True,,0.1,0.1,0.0,40.0,False,False,False,False,False,False,False,within_tolerance
146,131,short,2026-03-18T14:53:00Z,2026-03-18T14:53:00Z,2026-03-18T15:10:00Z,2026-03-18T15:10:40Z,1.15138,1.15138,1.14978,1.14978,16.0,16.0,take_profit,take_profit,True,1.15218,1.15218,1.14978,1.14978,False,False,True,,0.0,0.0,0.0,40.0,False,False,False,False,False,False,False,within_tolerance
147,132,long,2026-03-18T15:50:00Z,2026-03-18T15:50:00Z,2026-03-18T16:05:00Z,2026-03-18T16:05:40Z,1.15087,1.15088,1.15247,1.15248,16.0,16.0,take_profit,take_profit,True,1.15007,1.15008,1.15247,1.15248,False,False,True,,0.1,0.1,0.0,40.0,False,False,False,False,False,False,False,within_tolerance
148,133,long,2026-03-19T14:07:00Z,2026-03-19T14:07:00Z,2026-03-19T14:23:00Z,2026-03-19T14:23:40Z,1.14781,1.14782,1.14701,1.14702,-8.0,-8.0,stop_loss,stop_loss,True,1.14701,1.14702,1.14941,1.14942,False,False,True,,0.1,0.1,0.0,40.0,False,False,False,False,False,False,False,within_tolerance
149,134,short,2026-03-19T17:34:00Z,2026-03-19T17:34:00Z,2026-03-19T17:56:00Z,2026-03-19T17:56:40Z,1.15089,1.15089,1.15169,1.15169,-8.0,-8.0,stop_loss,stop_loss,True,1.15169,1.15169,1.14929,1.14929,False,False,True,,0.0,0.0,0.0,40.0,False,False,False,False,False,False,False,within_tolerance
